Workbook

Sheet Raw_Data
A1: customer_id | B1: product | C1: sales_amount | D1: sale_date
A2: 31 | B2: g | C2: 449.16759 | D2: 44721
A3: 79 | B3: b | C3: 533.14015 | D3: 44898
A4: 51 | B4: i | C4: 557.43777 | D4: 44800
A5: 14 | B5: e | C5: 553.33143 | D5: 44774
A6: 67 | B6: a | C6: 524.83759 | D6: 44840
A7: 42 | B7: j | C7: 428.19912 | D7: 44925
A8: 50 | B8: i | C8: 367.29077 | D8: 44622
A9: 43 | B9: i | C9: 659.53327 | D9: 44883
A10: 14 | B10: g | C10: 543.27879 | D10: 44813
A11: 25 | B11: b | C11: 391.05009 | D11: 44852
A12: 90 | B12: h | C12: 368.20145 | D12: 44924
A13: 91 | B13: g | C13: 465.84052 | D13: 44722
... A1001: 29 | B1001: j | C1001: 566.53467 | D1001: 44592

Sheet Cleaned_Data
A1: Sales_Date | B1: Year | C1: Month | D1: Customer_ID | E1: Product | F1: Sales_Amount
A2: =Raw_Data!D2 -> 44721 | B2: =YEAR(A2) -> 2022 | C2: =TEXT(A2,"mmmm") -> June | D2: =Raw_Data!A2 -> 31 | E2: =Raw_Data!B2 -> g | F2: =Raw_Data!C2 -> 449.16759
A3: =Raw_Data!D3 -> 44898 | B3: =YEAR(A3) -> 2022 | C3: =TEXT(A3,"mmmm") -> December | D3: =Raw_Data!A3 -> 79 | E3: =Raw_Data!B3 -> b | F3: =Raw_Data!C3 -> 533.14015
A4: =Raw_Data!D4 -> 44800 | B4: =YEAR(A4) -> 2022 | C4: =TEXT(A4,"mmmm") -> August | D4: =Raw_Data!A4 -> 51 | E4: =Raw_Data!B4 -> i | F4: =Raw_Data!C4 -> 557.43777
A5: =Raw_Data!D5 -> 44774 | B5: =YEAR(A5) -> 2022 | C5: =TEXT(A5,"mmmm") -> August | D5: =Raw_Data!A5 -> 14 | E5: =Raw_Data!B5 -> e | F5: =Raw_Data!C5 -> 553.33143
A6: =Raw_Data!D6 -> 44840 | B6: =YEAR(A6) -> 2022 | C6: =TEXT(A6,"mmmm") -> October | D6: =Raw_Data!A6 -> 67 | E6: =Raw_Data!B6 -> a | F6: =Raw_Data!C6 -> 524.83759
A7: =Raw_Data!D7 -> 44925 | B7: =YEAR(A7) -> 2022 | C7: =TEXT(A7,"mmmm") -> December | D7: =Raw_Data!A7 -> 42 | E7: =Raw_Data!B7 -> j | F7: =Raw_Data!C7 -> 428.19912
A8: =Raw_Data!D8 -> 44622 | B8: =YEAR(A8) -> 2022 | C8: =TEXT(A8,"mmmm") -> March | D8: =Raw_Data!A8 -> 50 | E8: =Raw_Data!B8 -> i | F8: =Raw_Data!C8 -> 367.29077
A9: =Raw_Data!D9 -> 44883 | B9: =YEAR(A9) -> 2022 | C9: =TEXT(A9,"mmmm") -> November | D9: =Raw_Data!A9 -> 43 | E9: =Raw_Data!B9 -> i | F9: =Raw_Data!C9 -> 659.53327
A10: =Raw_Data!D10 -> 44813 | B10: =YEAR(A10) -> 2022 | C10: =TEXT(A10,"mmmm") -> September | D10: =Raw_Data!A10 -> 14 | E10: =Raw_Data!B10 -> g | F10: =Raw_Data!C10 -> 543.27879
A11: =Raw_Data!D11 -> 44852 | B11: =YEAR(A11) -> 2022 | C11: =TEXT(A11,"mmmm") -> October | D11: =Raw_Data!A11 -> 25 | E11: =Raw_Data!B11 -> b | F11: =Raw_Data!C11 -> 391.05009
A12: =Raw_Data!D12 -> 44924 | B12: =YEAR(A12) -> 2022 | C12: =TEXT(A12,"mmmm") -> December | D12: =Raw_Data!A12 -> 90 | E12: =Raw_Data!B12 -> h | F12: =Raw_Data!C12 -> 368.20145
A13: =Raw_Data!D13 -> 44722 | B13: =YEAR(A13) -> 2022 | C13: =TEXT(A13,"mmmm") -> June | D13: =Raw_Data!A13 -> 91 | E13: =Raw_Data!B13 -> g | F13: =Raw_Data!C13 -> 465.84052
... A1001: =Raw_Data!D1001 -> 44592 | B1001: =YEAR(A1001) -> 2022 | C1001: =TEXT(A1001,"mmmm") -> January | D1001: =Raw_Data!A1001 -> 29 | E1001: =Raw_Data!B1001 -> j | F1001: =Raw_Data!C1001 -> 566.53467

Sheet Targets
A1: KPI | B1: Target_Value
A2: Total Sales | B2: 500000
A3: Monthly Sales | B3: 40000
A4: Avg Sales per Transaction | B4: 500
A5: Product Sales (Per Product) | B5: 30000

Sheet KPI_Calculations
A1: KPI | B1: Actual | C1: Target | D1: Variance | E1: Variance_% | F1: Status
A2: Total Sales | B2: =SUM(Cleaned_Data!F:F) -> 496815.37 | C2: =VLOOKUP(A2,Targets!A:B,2,FALSE) -> 500000 | D2: =B2-C2 -> -3184.6348 | E2: =D2/C2 -> -0.0063692695 | F2: =IF(E2>=0,"Good",IF(E2>=-0.1,"Warning","Critical")) -> Warning
A3: Avg Sale per Transaction | B3: =AVERAGE(Cleaned_Data!F:F) -> 496.81537 | C3: =IFERROR(your_target_formula,500) -> 500 | D3: =IFERROR(B4-C4,"") -> 456815.37 | E3: =IFERROR((B4-C4)/C4,"") -> 11.420384 | F3: =IF(E3>=0,"Good",IF(E3>=-0.1,"Warning","Critical")) -> Good
A4: Average Monthly Sales | B4: =SUM(Cleaned_Data!F:F) / COUNTA(UNIQUE(Cleaned_Data!C:C)) -> 496815.37 | C4: =VLOOKUP("Monthly Sales",Targets!A:B,2,FALSE) -> 40000 | D4: =IFERROR(B5-C5,"") -> 0 | E4: =D4/C4 -> 0 | F4: =IF(E4>=0,"Good",IF(E4>=-0.1,"Warning","Critical")) -> Good

Sheet Insights
A1: INSIGHT | B1: OBSERVATION
A2: Worst Performing KPI | B2: =INDEX( KPI_Calculations!A:A, MATCH( MIN(KPI_Calculations!E:E), KPI_Calculations!E:E, 0 ) ) -> Total Sales
A3: Best Performing KPI | B3: =INDEX( KPI_Calculations!A:A, MATCH( MAX(KPI_Calculations!E:E), KPI_Calculations!E:E, 0 ) ) -> Avg Sale per Transaction
A4: High Risk Area | B4: =IF( COUNTIF(KPI_Calculations!F:F,"Critical")>0, "One or more KPIs in Critical status", "No critical risk identified" ) -> No critical risk identified
A5: Immediate Action Required | B5: =IF( COUNTIF(KPI_Calculations!F:F,"Critical")>0, "Yes – investigate underperforming KPIs", "No immediate action required" ) -> No immediate action required
